
[
    {"id": "aege", "name":"aegean", "temperant":"Affectionate, Social, Intelligent, Playful, Active", "origin":"Greece", "description":"Native to the greek islands known as the cyclades in the Aegean sea, these are natural cats, meaning they developed without humans getting involved in their breeding.", "life_span":"9-12"},
    {"id": "calico", "name":"calico cats", "temperant":"Affectionate, Social, Intelligent, Playful, Active", "origin":"Greece", "description":"Native to the greek islands known as the cyclades in the Aegean sea, these are natural cats, meaning they developed without humans getting involved in their breeding.", "life_span":"9-12"},
    {"id": "falico?", "name":"four colored", "temperant":"Affectionate, Social, Intelligent, Playful, Active", "origin":"Greece", "description":"Native to the greek islands known as the cyclades in the Aegean sea, these are natural cats, meaning they developed without humans getting involved in their breeding.", "life_span":"9-12"},
    {"id": "aege", "name":"aegean", "temperant":"Affectionate, Social, Intelligent, Playful, Active", "origin":"Greece", "description":"Native to the greek islands known as the cyclades in the Aegean sea, these are natural cats, meaning they developed without humans getting involved in their breeding.", "life_span":"9-12"},
    {"id": "aege", "name":"aegean", "temperant":"Affectionate, Social, Intelligent, Playful, Active", "origin":"Greece", "description":"Native to the greek islands known as the cyclades in the Aegean sea, these are natural cats, meaning they developed without humans getting involved in their breeding.", "life_span":"9-12"},
    {"id": "aege", "name":"aegean", "temperant":"Affectionate, Social, Intelligent, Playful, Active", "origin":"Greece", "description":"Native to the greek islands known as the cyclades in the Aegean sea, these are natural cats, meaning they developed without humans getting involved in their breeding.", "life_span":"9-12"}

]



